Recipe,Description,,
Mushroom and Lentil Delight,"We're looking for a plant-based patty with a hearty mix of mushrooms, lentils, and a savory blend of thyme and garlic, finished with a touch of balsamic vinegar.",,
Quinoa and Black Bean Fusion,"Our customers are loving quinoa and black bean combinations. Can you provide a plant-based patty with quinoa, black beans, and a Southwestern flair of cumin, chili powder, and a hint of lime?",,
Sweet Potato and Chickpea Medley,"We're exploring sweet potato and chickpea as a base. Can you create a patty with smoked paprika, cumin, and a touch of maple syrup for that perfect balance of sweet and savory?",,
Beetroot and Walnut Wonder,"The vibrant color of beetroots and the crunch of walnuts are intriguing. Combine them into a patty with rosemary and Dijon mustard for a unique flavor profile, please.",,
Spinach and Artichoke Elegance,"Spinach and artichokes are popular choices. We're envisioning a patty with a Mediterranean touch—spinach, artichokes, lemon zest, and garlic",,
Cauliflower and Turmeric Gold,We're interested in a patty featuring cauliflower and the golden goodness of turmeric. Add warmth with ginger and coriander for an inviting flavor,,
Pesto Chickpea Basil Bliss,"Create a patty combining the heartiness of chickpeas with the aromatic flavors of basil pesto, sun-dried tomatoes, and pine nuts for a Mediterranean delight",,
Sesame Ginger Edamame Extravaganza,"We're seeking an Asian-inspired patty with edamame, sesame, ginger, and soy sauce for a delightful umami experience",,
Spicy Black-Eyed Pea Fiesta,"Spice things up with a patty featuring black-eyed peas, cayenne, smoked paprika, coriander, and a hint of lime for a lively fiesta",,
Pumpkin Sage Harvest,Embrace the flavors of fall with a patty combining pumpkin and sage. Add nutmeg and cinnamon for a delightful harvest-inspired creation,,
Classic Beef Patty,We need a classic beef patty—simple and flavorful. Ground beef seasoned with just the right amount of salt and black pepper,,
Smoky BBQ Beef Patty,Our customers are craving smoky flavors. Provide a beef patty with smoked paprika and a BBQ seasoning for that irresistible BBQ goodness.,,
Garlic and Herb Infused Beef Patty,"Enhance our menu with a beef patty infused with garlic, rosemary, and thyme for a robust and aromatic profile",,
Spicy Jalapeño Beef Patty,"Spice things up a bit! We're looking for a beef patty with the kick of jalapeño, cayenne, and chili powder for those who love a bit of heat",,
Mushroom Swiss Beef Patty,"Bring a touch of sophistication with a mushroom-infused beef patty, topped with Swiss cheese. Worcestershire sauce can add that extra depth we're seeking",,
,,,
